AttendeeID,FirstName,LastName,Company,Email,Phone
301524,Lorrine,Tai,Voyage Corp,portele@yahoo.ca,
312652,Mariam,Schniepp,Yellow Co.,,(856) 200-0280
323649,Rebeca,Leroux,Apple Coms,nanop@yahoo.com,(252) 969-5768
326730,Leanne,Kniepmann,,devphil@msn.com,
330618,Raymonde,Barron,Spectertainment,sburke@mac.com,(204) 403-3517
346331,Renetta,Parenti,Yeworks,ninenine@yahoo.ca,(772) 277-2476
356298,Minta,Butler-vincent,Elecoms,,(653) 535-3374
361480,Humberto,Mahdavi-damghani,,fhirsch@optonline.net,(953) 796-9986
365943,Donnette,Reinold,Forestsearch,,
367632,Judie,Drum,,hachi@msn.com,
369358,Kristian,Beckham,Business,frederic@outlook.com,
375367,Kiana,Sanai,Business Roll,ghost@mac.com,
386186,Finley,Leland,Business Special,,
390957,Amiyah,Juliet,Cobalt Business,emmanuel@aol.com,
401787,Nora,Darian,,,
430684,Harmony,Rory,NewWay Business,sburke@live.com,
,,,,,
435842,Elias,Walter,Business Online,,
435900,Ashtyn,Sanaa,Sharp Business,bigmauler@icloud.com,
441383,Talon,August,Business Productions,jigsaw@comcast.net,
472905,Beau,Mark,Business Fresh,,
485364,Sophie,Philip,Funny Business,,
504477,Siena,Marina,,,
508596,Kelsie,Jorden,Cool Business,cliffordj@hotmail.com,(465) 273-7307
514894,Alex,Keyla,Business Range,,(602) 807-3488
516531,Maggie,James,Business Home,chance@icloud.com,
516620,Savanna,Brielle,,,(749) 944-4830
529809,Raymond,Myles,Business Platform,knorr@gmail.com,(264) 806-6311
531607,Keegan,Malcolm,Business Optimum,,(410) 462-2497
537961,Kelsey,Helen,Business Info,kramulous@comcast.net,(406) 406-8031
555091,Carter,Judith,Clubhouse Business,sbmrjbr@optonline.net,
556355,Dayanara,Misael,Voyager Business,,(444) 634-0032
574401,Beatrice,Zander,Business Factor,aukjan@comcast.net,(725) 654-8919
574620,Heidy,Wesley,,corrada@hotmail.com,(796) 817-7334
590836,Mateo,Tatiana,Business Byte,panolex@live.com,(567) 393-4979
591059,Ricardo,Albert,Land Business,wmszeliga@live.com,(211) 361-7860
599864,Khalil,Danna,Snipe Business,naupa@gmail.com,(703) 504-4627
613371,Jameson,Katelyn,,oevans@yahoo.ca,
618980,Gillian,Brent,,,
619037,Tony,Jerome,Click Business,,(719) 424-3072
634242,Kristina,Kolton,,,
638545,Heather,Elliana,Wizard Business,,
647965,Zayden,Jefferson,,greear@me.com,
653984,Sara,Arielle,Fireworks Business,,
660349,Ross,Matias,,hachi@aol.com,
669865,Greyson,David,Business Squared,,
682598,Tristan,Ean,Business Tracks,,(228) 682-4224
687585,Alayna,Jayvon,Vista Business,,(320) 265-0016
688244,Aaron,Tyshawn,,boomzilla@sbcglobal.net,(508) 819-1923
698193,Ingrid,Carla,Business Institute,oster@sbcglobal.net,(829) 433-1002
704273,Karla,Abigail,Business Block,,
708739,Ryan,Evangeline,Major Business,fviegas@mac.com,
710209,Mariela,Ulises,,miturria@sbcglobal.net,
716077,Dawson,Barrett,Business Galaxy,smeier@comcast.net,
735473,Derek,Leila,Commonwealth Business,,
758958,Alexandra,Juan,,ntegrity@optonline.net,
759827,Emilio,Abagail,Quanta Business,ullman@sbcglobal.net,
766936,Harper,Aileen,Business Finder,,
775113,Makena,Meadow,Business Geek,mavilar@optonline.net,(845) 373-3548
775342,Darren,Yadira,,kawasaki@att.net,(546) 442-8664
778130,Jayvon,Aliana,,,
778945,Darius,Malia,Business Inspire,wainwrig@hotmail.com,
779711,Makai,Orlando,Business Project,,(707) 221-5748
795200,Dakota,Clayton,,burns@mac.com,(874) 920-5273
806439,Richard,Kaley,Business Loving,cameron@icloud.com,(395) 886-4728
806972,Jamarcus,Maggie,,kaiser@outlook.com,
809102,Norah,Shayna,Ripple Business,,(421) 519-4777
810772,Ariella,Trevor,Origin Business,kimvette@live.com,
810895,Allyson,Lindsay,,,
812662,Courtney,Julius,Mighty Business,jespley@yahoo.com,(673) 440-3369
822916,Mariyah,Penelope,Corp,dobey@outlook.com,(852) 285-0200
836650,Eileen,Romeo,Ingenious Corp,,(545) 585-7568
837742,Zain,Jade,,bsikdar@yahoo.com,
846036,Kamora,Cory,Jet Corp,zilla@live.com,
846728,Dahlia,Jett,Platinum Corp,peoplesr@comcast.net,(631) 464-5962
852936,Jay,Finley,Novelty Corp,godeke@yahoo.ca,(492) 475-1930
853705,Hailey,Aria,Corp Sphere,credmond@msn.com,(272) 431-9876
860746,George,Immanuel,,hoangle@me.com,(932) 950-9291
869638,Laura,Cornelius,Ink Corp,afeldspar@msn.com,
871828,Jamir,Colby,,,(724) 885-6979
889441,Nia,Branden,,rjones@aol.com,(930) 483-1409
897529,Amari,Jocelyn,Carmel Corp,arebenti@sbcglobal.net,(474) 812-7219
910991,Greta,Aubrey,Rainmaker Corp,world@att.net,
921836,Emilia,Mercedes,,odlyzko@verizon.net,(456) 341-7033
923100,Isiah,Alina,Corp Peak,,(900) 321-2010
923316,Justice,Shaun,,smartfart@comcast.net,(493) 436-9964
926962,Frankie,Virginia,Corp Juice,staikos@aol.com,(214) 846-8391
934920,Cristofer,Athena,EastEnd Corp,scarlet@mac.com,
935164,Marissa,Kieran,,crowemojo@gmail.com,(290) 772-3707
951313,Jayden,Leo,Outreach Corp,arachne@att.net,(282) 416-4158
958325,Luciano,Melany,,chaffar@me.com,(332) 622-0427
961830,Roselyn,Ryker,Luxurious Corp,bflong@yahoo.com,
966302,Tyshawn,Maribel,Live Corp,,
966904,Gavyn,Caleb,Corp Lane,adamk@yahoo.ca,
974824,Annabel,William,Corp Parts,,(535) 849-9348
975100,Skyler,Tiara,,tbusch@hotmail.com,(709) 718-9826
980571,Trevor,Ryan,Princess Corp,,(439) 907-7399
988218,Dereon,Jaylon,,dburrows@msn.com,(644) 852-5298
989645,Kenna,Jaida,,jkegl@verizon.net,(645) 251-5843
991364,Krista,Ian,Mass Corp,,(465) 944-2284
